business_name,review_text
Subway,Food quality is amazing but the place was crowded.
Subway,ಇಲ್ಲಿ ಬಿರಿಯಾನಿ ತುಂಬಾ ರುಚಿಯಾಗಿತ್ತು ಮತ್ತು ಸೇವೆ ಉತ್ತಮವಾಗಿತ್ತು.
Bawarchi Restaurant,यहाँ की बिरयानी बहुत स्वादिष्ट है और सेवा भी अच्छी है।
Subway,Prices are reasonable and the ambiance is comfortable.
Sarvi Restaurant,ఇక్కడి వాతావరణం చాలా బాగుంది మరియు భోజనం రుచిగా ఉంది.
Inorbit Mall,உணவு நல்லதாக இருந்தது ஆனால் சேவை மெதுவாக இருந்தது.
Subway,ఇక్కడి వాతావరణం చాలా బాగుంది మరియు భోజనం రుచిగా ఉంది.
Subway,The biryani was delicious and the service was quick.
Inorbit Mall,ఇక్కడ బిర్యానీ చాలా రుచిగా ఉంది మరియు సర్వీస్ బాగుంది.
Karachi Bakery,Food quality is amazing but the place was crowded.
Karachi Bakery,यहाँ की बिरयानी बहुत स्वादिष्ट है और सेवा भी अच्छी है।
Inorbit Mall,The biryani was delicious and the service was quick.
Paradise Biryani,உணவு நல்லதாக இருந்தது ஆனால் சேவை மெதுவாக இருந்தது.
Sarvi Restaurant,The biryani was delicious and the service was quick.
Cafe Niloufer,இங்கே பிரியாணி மிகவும் ருசியாக இருந்தது மற்றும் சேவை நல்லது.
Subway,Food quality is amazing but the place was crowded.
Inorbit Mall,ఆహారం మంచి క్వాలిటీతో ఉంది కానీ సర్వీస్ కొంచెం నెమ్మదిగా ఉంది.
Subway,ఇక్కడ బిర్యానీ చాలా రుచిగా ఉంది మరియు సర్వీస్ బాగుంది.
Sarvi Restaurant,Prices are reasonable and the ambiance is comfortable.
Chutneys,ಆಹಾರ ಚೆನ್ನಾಗಿತ್ತು ಆದರೆ ಸೇವೆ ಸ್ವಲ್ಪ ನಿಧಾನವಾಗಿತ್ತು.
Cafe Coffee Day,Yahan ki biryani bohat tasty thi aur service bhi achi thi.
Shah Ghouse,ఇక్కడి వాతావరణం చాలా బాగుంది మరియు భోజనం రుచిగా ఉంది.
Pista House,यहाँ की बिरयानी बहुत स्वादिष्ट है और सेवा भी अच्छी है।
Shah Ghouse,உணவு நல்லதாக இருந்தது ஆனால் சேவை மெதுவாக இருந்தது.
Bawarchi Restaurant,स्टाफ बहुत फ्रेंडली था और माहौल अच्छा था।
Subway,ఇక్కడి వాతావరణం చాలా బాగుంది మరియు భోజనం రుచిగా ఉంది.
Sarvi Restaurant,स्टाफ बहुत फ्रेंडली था और माहौल अच्छा था।
Paradise Biryani,ఇక్కడి వాతావరణం చాలా బాగుంది మరియు భోజనం రుచిగా ఉంది.
Mehfil Restaurant,உணவு நல்லதாக இருந்தது ஆனால் சேவை மெதுவாக இருந்தது.
Karachi Bakery,Food quality is amazing but the place was crowded.
Paradise Biryani,खाना अच्छा था लेकिन सर्विस थोड़ी धीमी थी।
Cafe Niloufer,ఇక్కడి వాతావరణం చాలా బాగుంది మరియు భోజనం రుచిగా ఉంది.
Inorbit Mall,Prices are reasonable and the ambiance is comfortable.
Paradise Biryani,Prices are reasonable and the ambiance is comfortable.
Cream Stone,ఇక్కడి వాతావరణం చాలా బాగుంది మరియు భోజనం రుచిగా ఉంది.
Bawarchi Restaurant,ఆహారం మంచి క్వాలిటీతో ఉంది కానీ సర్వీస్ కొంచెం నెమ్మదిగా ఉంది.
Sarvi Restaurant,Food quality is amazing but the place was crowded.
Sarvi Restaurant,Prices are reasonable and the ambiance is comfortable.
Cream Stone,ఇక్కడ బిర్యానీ చాలా రుచిగా ఉంది మరియు సర్వీస్ బాగుంది.
Chutneys,Khane ka taste acha tha lekin service thori slow thi.
Bawarchi Restaurant,Khane ka taste acha tha lekin service thori slow thi.
Mehfil Restaurant,Food quality is amazing but the place was crowded.
Karachi Bakery,Food quality is amazing but the place was crowded.
Mehfil Restaurant,ఆహారం మంచి క్వాలిటీతో ఉంది కానీ సర్వీస్ కొంచెం నెమ్మదిగా ఉంది.
Cream Stone,खाना अच्छा था लेकिन सर्विस थोड़ी धीमी थी।
Inorbit Mall,खाना अच्छा था लेकिन सर्विस थोड़ी धीमी थी।
Mehfil Restaurant,Prices are reasonable and the ambiance is comfortable.
Subway,Khane ka taste acha tha lekin service thori slow thi.
Paradise Biryani,ఆహారం మంచి క్వాలిటీతో ఉంది కానీ సర్వీస్ కొంచెం నెమ్మదిగా ఉంది.
Subway,ఇక్కడి వాతావరణం చాలా బాగుంది మరియు భోజనం రుచిగా ఉంది.
Paradise Biryani,यहाँ की बिरयानी बहुत स्वादिष्ट है और सेवा भी अच्छी है।
Mehfil Restaurant,Yahan ki biryani bohat tasty thi aur service bhi achi thi.
Chutneys,ఇక్కడి వాతావరణం చాలా బాగుంది మరియు భోజనం రుచిగా ఉంది.
Mehfil Restaurant,உணவு நல்லதாக இருந்தது ஆனால் சேவை மெதுவாக இருந்தது.
Mehfil Restaurant,ఆహారం మంచి క్వాలిటీతో ఉంది కానీ సర్వీస్ కొంచెం నెమ్మదిగా ఉంది.
Shah Ghouse,Food quality is amazing but the place was crowded.
Subway,स्टाफ बहुत फ्रेंडली था और माहौल अच्छा था।
Karachi Bakery,The biryani was delicious and the service was quick.
Subway,ಆಹಾರ ಚೆನ್ನಾಗಿತ್ತು ಆದರೆ ಸೇವೆ ಸ್ವಲ್ಪ ನಿಧಾನವಾಗಿತ್ತು.
Subway,உணவு நல்லதாக இருந்தது ஆனால் சேவை மெதுவாக இருந்தது.
Bawarchi Restaurant,உணவு நல்லதாக இருந்தது ஆனால் சேவை மெதுவாக இருந்தது.
Shah Ghouse,ఇక్కడి వాతావరణం చాలా బాగుంది మరియు భోజనం రుచిగా ఉంది.
Inorbit Mall,Yahan ki biryani bohat tasty thi aur service bhi achi thi.
Cafe Niloufer,यहाँ की बिरयानी बहुत स्वादिष्ट है और सेवा भी अच्छी है।
Cafe Coffee Day,The biryani was delicious and the service was quick.
Mehfil Restaurant,Yahan ki biryani bohat tasty thi aur service bhi achi thi.
Subway,ఇక్కడి వాతావరణం చాలా బాగుంది మరియు భోజనం రుచిగా ఉంది.
Paradise Biryani,ಇಲ್ಲಿ ಬಿರಿಯಾನಿ ತುಂಬಾ ರುಚಿಯಾಗಿತ್ತು ಮತ್ತು ಸೇವೆ ಉತ್ತಮವಾಗಿತ್ತು.
Sarvi Restaurant,खाना अच्छा था लेकिन सर्विस थोड़ी धीमी थी।
Shah Ghouse,Food quality is amazing but the place was crowded.
Bawarchi Restaurant,Yahan ki biryani bohat tasty thi aur service bhi achi thi.
Sarvi Restaurant,The biryani was delicious and the service was quick.
Subway,Food quality is amazing but the place was crowded.
Cafe Coffee Day,இங்கே பிரியாணி மிகவும் ருசியாக இருந்தது மற்றும் சேவை நல்லது.
Mehfil Restaurant,स्टाफ बहुत फ्रेंडली था और माहौल अच्छा था।
Paradise Biryani,Khane ka taste acha tha lekin service thori slow thi.
Shah Ghouse,Yahan ki biryani bohat tasty thi aur service bhi achi thi.
Barbeque Nation,यहाँ की बिरयानी बहुत स्वादिष्ट है और सेवा भी अच्छी है।
Karachi Bakery,உணவு நல்லதாக இருந்தது ஆனால் சேவை மெதுவாக இருந்தது.
Cream Stone,ఇక్కడ బిర్యానీ చాలా రుచిగా ఉంది మరియు సర్వీస్ బాగుంది.
Bawarchi Restaurant,உணவு நல்லதாக இருந்தது ஆனால் சேவை மெதுவாக இருந்தது.
Mehfil Restaurant,स्टाफ बहुत फ्रेंडली था और माहौल अच्छा था।
Shah Ghouse,Yahan ki biryani bohat tasty thi aur service bhi achi thi.
Shah Ghouse,ಆಹಾರ ಚೆನ್ನಾಗಿತ್ತು ಆದರೆ ಸೇವೆ ಸ್ವಲ್ಪ ನಿಧಾನವಾಗಿತ್ತು.
Cafe Niloufer,ಆಹಾರ ಚೆನ್ನಾಗಿತ್ತು ಆದರೆ ಸೇವೆ ಸ್ವಲ್ಪ ನಿಧಾನವಾಗಿತ್ತು.
Shah Ghouse,இங்கே பிரியாணி மிகவும் ருசியாக இருந்தது மற்றும் சேவை நல்லது.
Subway,यहाँ की बिरयानी बहुत स्वादिष्ट है और सेवा भी अच्छी है।
Karachi Bakery,The biryani was delicious and the service was quick.
Pista House,ఇక్కడ బిర్యానీ చాలా రుచిగా ఉంది మరియు సర్వీస్ బాగుంది.
Forum Mall,ఇక్కడ బిర్యానీ చాలా రుచిగా ఉంది మరియు సర్వీస్ బాగుంది.
Barbeque Nation,The biryani was delicious and the service was quick.
Paradise Biryani,ಆಹಾರ ಚೆನ್ನಾಗಿತ್ತು ಆದರೆ ಸೇವೆ ಸ್ವಲ್ಪ ನಿಧಾನವಾಗಿತ್ತು.
Forum Mall,ಆಹಾರ ಚೆನ್ನಾಗಿತ್ತು ಆದರೆ ಸೇವೆ ಸ್ವಲ್ಪ ನಿಧಾನವಾಗಿತ್ತು.
Barbeque Nation,खाना अच्छा था लेकिन सर्विस थोड़ी धीमी थी।
Cafe Coffee Day,खाना अच्छा था लेकिन सर्विस थोड़ी धीमी थी।
Cafe Niloufer,Prices are reasonable and the ambiance is comfortable.
Cream Stone,यहाँ की बिरयानी बहुत स्वादिष्ट है और सेवा भी अच्छी है।
Cream Stone,ఇక్కడ బిర్యానీ చాలా రుచిగా ఉంది మరియు సర్వీస్ బాగుంది.
Mehfil Restaurant,Khane ka taste acha tha lekin service thori slow thi.
Pista House,The biryani was delicious and the service was quick.
Mehfil Restaurant,ఇక్కడ బిర్యానీ చాలా రుచిగా ఉంది మరియు సర్వీస్ బాగుంది.
Forum Mall,Khane ka taste acha tha lekin service thori slow thi.
Bawarchi Restaurant,Yahan ki biryani bohat tasty thi aur service bhi achi thi.
Inorbit Mall,ఇక్కడ బిర్యానీ చాలా రుచిగా ఉంది మరియు సర్వీస్ బాగుంది.
Forum Mall,The biryani was delicious and the service was quick.
Mehfil Restaurant,ಇಲ್ಲಿ ಬಿರಿಯಾನಿ ತುಂಬಾ ರುಚಿಯಾಗಿತ್ತು ಮತ್ತು ಸೇವೆ ಉತ್ತಮವಾಗಿತ್ತು.
Subway,ఇక్కడి వాతావరణం చాలా బాగుంది మరియు భోజనం రుచిగా ఉంది.
Subway,ಇಲ್ಲಿ ಬಿರಿಯಾನಿ ತುಂಬಾ ರುಚಿಯಾಗಿತ್ತು ಮತ್ತು ಸೇವೆ ಉತ್ತಮವಾಗಿತ್ತು.
Cream Stone,Yahan ki biryani bohat tasty thi aur service bhi achi thi.
Subway,ಇಲ್ಲಿ ಬಿರಿಯಾನಿ ತುಂಬಾ ರುಚಿಯಾಗಿತ್ತು ಮತ್ತು ಸೇವೆ ಉತ್ತಮವಾಗಿತ್ತು.
Forum Mall,Khane ka taste acha tha lekin service thori slow thi.
Chutneys,Food quality is amazing but the place was crowded.
Subway,The biryani was delicious and the service was quick.
Chutneys,Khane ka taste acha tha lekin service thori slow thi.
Karachi Bakery,உணவு நல்லதாக இருந்தது ஆனால் சேவை மெதுவாக இருந்தது.
Mehfil Restaurant,உணவு நல்லதாக இருந்தது ஆனால் சேவை மெதுவாக இருந்தது.
Karachi Bakery,Yahan ki biryani bohat tasty thi aur service bhi achi thi.
Forum Mall,இங்கே பிரியாணி மிகவும் ருசியாக இருந்தது மற்றும் சேவை நல்லது.
Inorbit Mall,ఇక్కడి వాతావరణం చాలా బాగుంది మరియు భోజనం రుచిగా ఉంది.
Cafe Coffee Day,Yahan ki biryani bohat tasty thi aur service bhi achi thi.
Barbeque Nation,ఆహారం మంచి క్వాలిటీతో ఉంది కానీ సర్వీస్ కొంచెం నెమ్మదిగా ఉంది.
Cream Stone,இங்கே பிரியாணி மிகவும் ருசியாக இருந்தது மற்றும் சேவை நல்லது.
Subway,Food quality is amazing but the place was crowded.
Chutneys,ಆಹಾರ ಚೆನ್ನಾಗಿತ್ತು ಆದರೆ ಸೇವೆ ಸ್ವಲ್ಪ ನಿಧಾನವಾಗಿತ್ತು.
Cafe Coffee Day,இங்கே பிரியாணி மிகவும் ருசியாக இருந்தது மற்றும் சேவை நல்லது.
Shah Ghouse,ఇక్కడ బిర్యానీ చాలా రుచిగా ఉంది మరియు సర్వీస్ బాగుంది.
Pista House,ఆహారం మంచి క్వాలిటీతో ఉంది కానీ సర్వీస్ కొంచెం నెమ్మదిగా ఉంది.
Cream Stone,स्टाफ बहुत फ्रेंडली था और माहौल अच्छा था।
Cafe Niloufer,स्टाफ बहुत फ्रेंडली था और माहौल अच्छा था।
Karachi Bakery,இங்கே பிரியாணி மிகவும் ருசியாக இருந்தது மற்றும் சேவை நல்லது.
Cafe Niloufer,स्टाफ बहुत फ्रेंडली था और माहौल अच्छा था।
Mehfil Restaurant,ಇಲ್ಲಿ ಬಿರಿಯಾನಿ ತುಂಬಾ ರುಚಿಯಾಗಿತ್ತು ಮತ್ತು ಸೇವೆ ಉತ್ತಮವಾಗಿತ್ತು.
Cream Stone,ఆహారం మంచి క్వాలిటీతో ఉంది కానీ సర్వీస్ కొంచెం నెమ్మదిగా ఉంది.
Cafe Coffee Day,ಇಲ್ಲಿ ಬಿರಿಯಾನಿ ತುಂಬಾ ರುಚಿಯಾಗಿತ್ತು ಮತ್ತು ಸೇವೆ ಉತ್ತಮವಾಗಿತ್ತು.
Subway,ಆಹಾರ ಚೆನ್ನಾಗಿತ್ತು ಆದರೆ ಸೇವೆ ಸ್ವಲ್ಪ ನಿಧಾನವಾಗಿತ್ತು.
Forum Mall,Khane ka taste acha tha lekin service thori slow thi.
Karachi Bakery,ఇక్కడి వాతావరణం చాలా బాగుంది మరియు భోజనం రుచిగా ఉంది.
Cream Stone,यहाँ की बिरयानी बहुत स्वादिष्ट है और सेवा भी अच्छी है।
Inorbit Mall,स्टाफ बहुत फ्रेंडली था और माहौल अच्छा था।
Inorbit Mall,ఇక్కడి వాతావరణం చాలా బాగుంది మరియు భోజనం రుచిగా ఉంది.
Inorbit Mall,ಇಲ್ಲಿ ಬಿರಿಯಾನಿ ತುಂಬಾ ರುಚಿಯಾಗಿತ್ತು ಮತ್ತು ಸೇವೆ ಉತ್ತಮವಾಗಿತ್ತು.
Mehfil Restaurant,खाना अच्छा था लेकिन सर्विस थोड़ी धीमी थी।
Mehfil Restaurant,Yahan ki biryani bohat tasty thi aur service bhi achi thi.
Cafe Niloufer,यहाँ की बिरयानी बहुत स्वादिष्ट है और सेवा भी अच्छी है।
Chutneys,ಇಲ್ಲಿ ಬಿರಿಯಾನಿ ತುಂಬಾ ರುಚಿಯಾಗಿತ್ತು ಮತ್ತು ಸೇವೆ ಉತ್ತಮವಾಗಿತ್ತು.
Chutneys,ఇక్కడ బిర్యానీ చాలా రుచిగా ఉంది మరియు సర్వీస్ బాగుంది.
Cream Stone,ఇక్కడి వాతావరణం చాలా బాగుంది మరియు భోజనం రుచిగా ఉంది.
Paradise Biryani,இங்கே பிரியாணி மிகவும் ருசியாக இருந்தது மற்றும் சேவை நல்லது.
Barbeque Nation,உணவு நல்லதாக இருந்தது ஆனால் சேவை மெதுவாக இருந்தது.
Mehfil Restaurant,Khane ka taste acha tha lekin service thori slow thi.
Inorbit Mall,Khane ka taste acha tha lekin service thori slow thi.
Subway,स्टाफ बहुत फ्रेंडली था और माहौल अच्छा था।
Mehfil Restaurant,ఆహారం మంచి క్వాలిటీతో ఉంది కానీ సర్వీస్ కొంచెం నెమ్మదిగా ఉంది.
Forum Mall,Prices are reasonable and the ambiance is comfortable.
Mehfil Restaurant,खाना अच्छा था लेकिन सर्विस थोड़ी धीमी थी।
Pista House,The biryani was delicious and the service was quick.
Pista House,இங்கே பிரியாணி மிகவும் ருசியாக இருந்தது மற்றும் சேவை நல்லது.
Subway,Food quality is amazing but the place was crowded.
Forum Mall,स्टाफ बहुत फ्रेंडली था और माहौल अच्छा था।
Subway,Prices are reasonable and the ambiance is comfortable.
Paradise Biryani,ఆహారం మంచి క్వాలిటీతో ఉంది కానీ సర్వీస్ కొంచెం నెమ్మదిగా ఉంది.
Barbeque Nation,Prices are reasonable and the ambiance is comfortable.
Forum Mall,ఇక్కడ బిర్యానీ చాలా రుచిగా ఉంది మరియు సర్వీస్ బాగుంది.
Barbeque Nation,உணவு நல்லதாக இருந்தது ஆனால் சேவை மெதுவாக இருந்தது.
Subway,உணவு நல்லதாக இருந்தது ஆனால் சேவை மெதுவாக இருந்தது.
Cream Stone,Food quality is amazing but the place was crowded.
Inorbit Mall,यहाँ की बिरयानी बहुत स्वादिष्ट है और सेवा भी अच्छी है।
Forum Mall,Food quality is amazing but the place was crowded.
Mehfil Restaurant,ಇಲ್ಲಿ ಬಿರಿಯಾನಿ ತುಂಬಾ ರುಚಿಯಾಗಿತ್ತು ಮತ್ತು ಸೇವೆ ಉತ್ತಮವಾಗಿತ್ತು.
Karachi Bakery,Yahan ki biryani bohat tasty thi aur service bhi achi thi.
Subway,Khane ka taste acha tha lekin service thori slow thi.
Shah Ghouse,यहाँ की बिरयानी बहुत स्वादिष्ट है और सेवा भी अच्छी है।
Cream Stone,Yahan ki biryani bohat tasty thi aur service bhi achi thi.
Pista House,ఆహారం మంచి క్వాలిటీతో ఉంది కానీ సర్వీస్ కొంచెం నెమ్మదిగా ఉంది.
Cafe Coffee Day,ఆహారం మంచి క్వాలిటీతో ఉంది కానీ సర్వీస్ కొంచెం నెమ్మదిగా ఉంది.
Forum Mall,खाना अच्छा था लेकिन सर्विस थोड़ी धीमी थी।
Shah Ghouse,स्टाफ बहुत फ्रेंडली था और माहौल अच्छा था।
Inorbit Mall,ఇక్కడ బిర్యానీ చాలా రుచిగా ఉంది మరియు సర్వీస్ బాగుంది.
Chutneys,Prices are reasonable and the ambiance is comfortable.
Barbeque Nation,खाना अच्छा था लेकिन सर्विस थोड़ी धीमी थी।
Mehfil Restaurant,खाना अच्छा था लेकिन सर्विस थोड़ी धीमी थी।
Shah Ghouse,Food quality is amazing but the place was crowded.
Paradise Biryani,स्टाफ बहुत फ्रेंडली था और माहौल अच्छा था।
Paradise Biryani,Prices are reasonable and the ambiance is comfortable.
Inorbit Mall,Yahan ki biryani bohat tasty thi aur service bhi achi thi.
Forum Mall,Prices are reasonable and the ambiance is comfortable.
Subway,ಇಲ್ಲಿ ಬಿರಿಯಾನಿ ತುಂಬಾ ರುಚಿಯಾಗಿತ್ತು ಮತ್ತು ಸೇವೆ ಉತ್ತಮವಾಗಿತ್ತು.
Karachi Bakery,ಇಲ್ಲಿ ಬಿರಿಯಾನಿ ತುಂಬಾ ರುಚಿಯಾಗಿತ್ತು ಮತ್ತು ಸೇವೆ ಉತ್ತಮವಾಗಿತ್ತು.
Sarvi Restaurant,The biryani was delicious and the service was quick.
Cafe Niloufer,The biryani was delicious and the service was quick.
Paradise Biryani,Yahan ki biryani bohat tasty thi aur service bhi achi thi.
Barbeque Nation,खाना अच्छा था लेकिन सर्विस थोड़ी धीमी थी।
Chutneys,ఇక్కడ బిర్యానీ చాలా రుచిగా ఉంది మరియు సర్వీస్ బాగుంది.
Shah Ghouse,இங்கே பிரியாணி மிகவும் ருசியாக இருந்தது மற்றும் சேவை நல்லது.
Cafe Niloufer,ಇಲ್ಲಿ ಬಿರಿಯಾನಿ ತುಂಬಾ ರುಚಿಯಾಗಿತ್ತು ಮತ್ತು ಸೇವೆ ಉತ್ತಮವಾಗಿತ್ತು.
Subway,ಆಹಾರ ಚೆನ್ನಾಗಿತ್ತು ಆದರೆ ಸೇವೆ ಸ್ವಲ್ಪ ನಿಧಾನವಾಗಿತ್ತು.
Sarvi Restaurant,Food quality is amazing but the place was crowded.
Inorbit Mall,Food quality is amazing but the place was crowded.
Bawarchi Restaurant,Food quality is amazing but the place was crowded.
Karachi Bakery,खाना अच्छा था लेकिन सर्विस थोड़ी धीमी थी।
Barbeque Nation,உணவு நல்லதாக இருந்தது ஆனால் சேவை மெதுவாக இருந்தது.
Pista House,Khane ka taste acha tha lekin service thori slow thi.
Mehfil Restaurant,உணவு நல்லதாக இருந்தது ஆனால் சேவை மெதுவாக இருந்தது.
Karachi Bakery,Khane ka taste acha tha lekin service thori slow thi.
Barbeque Nation,ఇక్కడ బిర్యానీ చాలా రుచిగా ఉంది మరియు సర్వీస్ బాగుంది.
Karachi Bakery,Khane ka taste acha tha lekin service thori slow thi.
Cream Stone,The biryani was delicious and the service was quick.
Paradise Biryani,ఇక్కడి వాతావరణం చాలా బాగుంది మరియు భోజనం రుచిగా ఉంది.
Bawarchi Restaurant,Yahan ki biryani bohat tasty thi aur service bhi achi thi.
Chutneys,स्टाफ बहुत फ्रेंडली था और माहौल अच्छा था।
Cafe Niloufer,ಇಲ್ಲಿ ಬಿರಿಯಾನಿ ತುಂಬಾ ರುಚಿಯಾಗಿತ್ತು ಮತ್ತು ಸೇವೆ ಉತ್ತಮವಾಗಿತ್ತು.
Bawarchi Restaurant,ఇక్కడ బిర్యానీ చాలా రుచిగా ఉంది మరియు సర్వీస్ బాగుంది.
Mehfil Restaurant,ಇಲ್ಲಿ ಬಿರಿಯಾನಿ ತುಂಬಾ ರುಚಿಯಾಗಿತ್ತು ಮತ್ತು ಸೇವೆ ಉತ್ತಮವಾಗಿತ್ತು.
Mehfil Restaurant,यहाँ की बिरयानी बहुत स्वादिष्ट है और सेवा भी अच्छी है।
Barbeque Nation,ఇక్కడ బిర్యానీ చాలా రుచిగా ఉంది మరియు సర్వీస్ బాగుంది.
Mehfil Restaurant,Prices are reasonable and the ambiance is comfortable.
Cream Stone,இங்கே பிரியாணி மிகவும் ருசியாக இருந்தது மற்றும் சேவை நல்லது.
Pista House,ಆಹಾರ ಚೆನ್ನಾಗಿತ್ತು ಆದರೆ ಸೇವೆ ಸ್ವಲ್ಪ ನಿಧಾನವಾಗಿತ್ತು.
Cream Stone,ಆಹಾರ ಚೆನ್ನಾಗಿತ್ತು ಆದರೆ ಸೇವೆ ಸ್ವಲ್ಪ ನಿಧಾನವಾಗಿತ್ತು.
Barbeque Nation,உணவு நல்லதாக இருந்தது ஆனால் சேவை மெதுவாக இருந்தது.
Pista House,Food quality is amazing but the place was crowded.
Forum Mall,खाना अच्छा था लेकिन सर्विस थोड़ी धीमी थी।
Inorbit Mall,ಇಲ್ಲಿ ಬಿರಿಯಾನಿ ತುಂಬಾ ರುಚಿಯಾಗಿತ್ತು ಮತ್ತು ಸೇವೆ ಉತ್ತಮವಾಗಿತ್ತು.
Barbeque Nation,खाना अच्छा था लेकिन सर्विस थोड़ी धीमी थी।
Paradise Biryani,ఆహారం మంచి క్వాలిటీతో ఉంది కానీ సర్వీస్ కొంచెం నెమ్మదిగా ఉంది.
Bawarchi Restaurant,ಆಹಾರ ಚೆನ್ನಾಗಿತ್ತು ಆದರೆ ಸೇವೆ ಸ್ವಲ್ಪ ನಿಧಾನವಾಗಿತ್ತು.
Barbeque Nation,यहाँ की बिरयानी बहुत स्वादिष्ट है और सेवा भी अच्छी है।
Forum Mall,खाना अच्छा था लेकिन सर्विस थोड़ी धीमी थी।
Barbeque Nation,இங்கே பிரியாணி மிகவும் ருசியாக இருந்தது மற்றும் சேவை நல்லது.
Sarvi Restaurant,Khane ka taste acha tha lekin service thori slow thi.
Sarvi Restaurant,The biryani was delicious and the service was quick.
Subway,ఇక్కడ బిర్యానీ చాలా రుచిగా ఉంది మరియు సర్వీస్ బాగుంది.
Shah Ghouse,ಇಲ್ಲಿ ಬಿರಿಯಾನಿ ತುಂಬಾ ರುಚಿಯಾಗಿತ್ತು ಮತ್ತು ಸೇವೆ ಉತ್ತಮವಾಗಿತ್ತು.
Bawarchi Restaurant,The biryani was delicious and the service was quick.
Pista House,உணவு நல்லதாக இருந்தது ஆனால் சேவை மெதுவாக இருந்தது.
Paradise Biryani,ఇక్కడ బిర్యానీ చాలా రుచిగా ఉంది మరియు సర్వీస్ బాగుంది.
Pista House,Yahan ki biryani bohat tasty thi aur service bhi achi thi.
Mehfil Restaurant,ఇక్కడి వాతావరణం చాలా బాగుంది మరియు భోజనం రుచిగా ఉంది.
Subway,உணவு நல்லதாக இருந்தது ஆனால் சேவை மெதுவாக இருந்தது.
Karachi Bakery,ఇక్కడ బిర్యానీ చాలా రుచిగా ఉంది మరియు సర్వీస్ బాగుంది.
Mehfil Restaurant,स्टाफ बहुत फ्रेंडली था और माहौल अच्छा था।
Pista House,Khane ka taste acha tha lekin service thori slow thi.
Sarvi Restaurant,உணவு நல்லதாக இருந்தது ஆனால் சேவை மெதுவாக இருந்தது.
Pista House,Prices are reasonable and the ambiance is comfortable.
Shah Ghouse,Yahan ki biryani bohat tasty thi aur service bhi achi thi.
Cafe Coffee Day,Yahan ki biryani bohat tasty thi aur service bhi achi thi.
Pista House,ಆಹಾರ ಚೆನ್ನಾಗಿತ್ತು ಆದರೆ ಸೇವೆ ಸ್ವಲ್ಪ ನಿಧಾನವಾಗಿತ್ತು.
Forum Mall,खाना अच्छा था लेकिन सर्विस थोड़ी धीमी थी।
Karachi Bakery,Yahan ki biryani bohat tasty thi aur service bhi achi thi.
Sarvi Restaurant,खाना अच्छा था लेकिन सर्विस थोड़ी धीमी थी।
Cafe Niloufer,The biryani was delicious and the service was quick.
Subway,Khane ka taste acha tha lekin service thori slow thi.
Cafe Coffee Day,ఆహారం మంచి క్వాలిటీతో ఉంది కానీ సర్వీస్ కొంచెం నెమ్మదిగా ఉంది.
Chutneys,Khane ka taste acha tha lekin service thori slow thi.
Barbeque Nation,खाना अच्छा था लेकिन सर्विस थोड़ी धीमी थी।
Mehfil Restaurant,Yahan ki biryani bohat tasty thi aur service bhi achi thi.
Barbeque Nation,ಆಹಾರ ಚೆನ್ನಾಗಿತ್ತು ಆದರೆ ಸೇವೆ ಸ್ವಲ್ಪ ನಿಧಾನವಾಗಿತ್ತು.
Bawarchi Restaurant,ఇక్కడి వాతావరణం చాలా బాగుంది మరియు భోజనం రుచిగా ఉంది.
Shah Ghouse,The biryani was delicious and the service was quick.
Bawarchi Restaurant,Yahan ki biryani bohat tasty thi aur service bhi achi thi.
Mehfil Restaurant,यहाँ की बिरयानी बहुत स्वादिष्ट है और सेवा भी अच्छी है।
Cafe Niloufer,ಇಲ್ಲಿ ಬಿರಿಯಾನಿ ತುಂಬಾ ರುಚಿಯಾಗಿತ್ತು ಮತ್ತು ಸೇವೆ ಉತ್ತಮವಾಗಿತ್ತು.
Sarvi Restaurant,The biryani was delicious and the service was quick.
Bawarchi Restaurant,Yahan ki biryani bohat tasty thi aur service bhi achi thi.
Cafe Niloufer,Yahan ki biryani bohat tasty thi aur service bhi achi thi.
Cream Stone,स्टाफ बहुत फ्रेंडली था और माहौल अच्छा था।
Subway,खाना अच्छा था लेकिन सर्विस थोड़ी धीमी थी।
Inorbit Mall,ಇಲ್ಲಿ ಬಿರಿಯಾನಿ ತುಂಬಾ ರುಚಿಯಾಗಿತ್ತು ಮತ್ತು ಸೇವೆ ಉತ್ತಮವಾಗಿತ್ತು.
Inorbit Mall,यहाँ की बिरयानी बहुत स्वादिष्ट है और सेवा भी अच्छी है।
Inorbit Mall,स्टाफ बहुत फ्रेंडली था और माहौल अच्छा था।
Bawarchi Restaurant,स्टाफ बहुत फ्रेंडली था और माहौल अच्छा था।
Subway,यहाँ की बिरयानी बहुत स्वादिष्ट है और सेवा भी अच्छी है।
Pista House,Yahan ki biryani bohat tasty thi aur service bhi achi thi.
Inorbit Mall,खाना अच्छा था लेकिन सर्विस थोड़ी धीमी थी।
Mehfil Restaurant,Prices are reasonable and the ambiance is comfortable.
Barbeque Nation,ಆಹಾರ ಚೆನ್ನಾಗಿತ್ತು ಆದರೆ ಸೇವೆ ಸ್ವಲ್ಪ ನಿಧಾನವಾಗಿತ್ತು.
Inorbit Mall,Prices are reasonable and the ambiance is comfortable.
Karachi Bakery,Yahan ki biryani bohat tasty thi aur service bhi achi thi.
Inorbit Mall,Prices are reasonable and the ambiance is comfortable.
Sarvi Restaurant,Khane ka taste acha tha lekin service thori slow thi.
Karachi Bakery,The biryani was delicious and the service was quick.
Chutneys,ಆಹಾರ ಚೆನ್ನಾಗಿತ್ತು ಆದರೆ ಸೇವೆ ಸ್ವಲ್ಪ ನಿಧಾನವಾಗಿತ್ತು.
Subway,உணவு நல்லதாக இருந்தது ஆனால் சேவை மெதுவாக இருந்தது.
Cafe Niloufer,Yahan ki biryani bohat tasty thi aur service bhi achi thi.
Pista House,இங்கே பிரியாணி மிகவும் ருசியாக இருந்தது மற்றும் சேவை நல்லது.
Inorbit Mall,Khane ka taste acha tha lekin service thori slow thi.
Inorbit Mall,खाना अच्छा था लेकिन सर्विस थोड़ी धीमी थी।
Chutneys,Khane ka taste acha tha lekin service thori slow thi.
Pista House,खाना अच्छा था लेकिन सर्विस थोड़ी धीमी थी।
Bawarchi Restaurant,இங்கே பிரியாணி மிகவும் ருசியாக இருந்தது மற்றும் சேவை நல்லது.
Paradise Biryani,ఆహారం మంచి క్వాలిటీతో ఉంది కానీ సర్వీస్ కొంచెం నెమ్మదిగా ఉంది.
Paradise Biryani,स्टाफ बहुत फ्रेंडली था और माहौल अच्छा था।
Sarvi Restaurant,ಆಹಾರ ಚೆನ್ನಾಗಿತ್ತು ಆದರೆ ಸೇವೆ ಸ್ವಲ್ಪ ನಿಧಾನವಾಗಿತ್ತು.
Chutneys,இங்கே பிரியாணி மிகவும் ருசியாக இருந்தது மற்றும் சேவை நல்லது.
Forum Mall,खाना अच्छा था लेकिन सर्विस थोड़ी धीमी थी।
Chutneys,स्टाफ बहुत फ्रेंडली था और माहौल अच्छा था।
Bawarchi Restaurant,The biryani was delicious and the service was quick.
Subway,स्टाफ बहुत फ्रेंडली था और माहौल अच्छा था।
Pista House,ಆಹಾರ ಚೆನ್ನಾಗಿತ್ತು ಆದರೆ ಸೇವೆ ಸ್ವಲ್ಪ ನಿಧಾನವಾಗಿತ್ತು.
Cafe Coffee Day,உணவு நல்லதாக இருந்தது ஆனால் சேவை மெதுவாக இருந்தது.
Forum Mall,உணவு நல்லதாக இருந்தது ஆனால் சேவை மெதுவாக இருந்தது.
Shah Ghouse,यहाँ की बिरयानी बहुत स्वादिष्ट है और सेवा भी अच्छी है।
Paradise Biryani,இங்கே பிரியாணி மிகவும் ருசியாக இருந்தது மற்றும் சேவை நல்லது.
Karachi Bakery,ఇక్కడ బిర్యానీ చాలా రుచిగా ఉంది మరియు సర్వీస్ బాగుంది.
Subway,Khane ka taste acha tha lekin service thori slow thi.
Forum Mall,Yahan ki biryani bohat tasty thi aur service bhi achi thi.
Pista House,स्टाफ बहुत फ्रेंडली था और माहौल अच्छा था।
Mehfil Restaurant,ఇక్కడి వాతావరణం చాలా బాగుంది మరియు భోజనం రుచిగా ఉంది.
Cream Stone,ఇక్కడి వాతావరణం చాలా బాగుంది మరియు భోజనం రుచిగా ఉంది.
Pista House,ಇಲ್ಲಿ ಬಿರಿಯಾನಿ ತುಂಬಾ ರುಚಿಯಾಗಿತ್ತು ಮತ್ತು ಸೇವೆ ಉತ್ತಮವಾಗಿತ್ತು.
Forum Mall,ఇక్కడ బిర్యానీ చాలా రుచిగా ఉంది మరియు సర్వీస్ బాగుంది.
Paradise Biryani,ఆహారం మంచి క్వాలిటీతో ఉంది కానీ సర్వీస్ కొంచెం నెమ్మదిగా ఉంది.
Cream Stone,यहाँ की बिरयानी बहुत स्वादिष्ट है और सेवा भी अच्छी है।
Cream Stone,Prices are reasonable and the ambiance is comfortable.
Sarvi Restaurant,Yahan ki biryani bohat tasty thi aur service bhi achi thi.
Pista House,The biryani was delicious and the service was quick.
Inorbit Mall,உணவு நல்லதாக இருந்தது ஆனால் சேவை மெதுவாக இருந்தது.
Mehfil Restaurant,खाना अच्छा था लेकिन सर्विस थोड़ी धीमी थी।
Shah Ghouse,Yahan ki biryani bohat tasty thi aur service bhi achi thi.
Sarvi Restaurant,Food quality is amazing but the place was crowded.
Paradise Biryani,The biryani was delicious and the service was quick.
Inorbit Mall,ಆಹಾರ ಚೆನ್ನಾಗಿತ್ತು ಆದರೆ ಸೇವೆ ಸ್ವಲ್ಪ ನಿಧಾನವಾಗಿತ್ತು.
Inorbit Mall,ಇಲ್ಲಿ ಬಿರಿಯಾನಿ ತುಂಬಾ ರುಚಿಯಾಗಿತ್ತು ಮತ್ತು ಸೇವೆ ಉತ್ತಮವಾಗಿತ್ತು.
Karachi Bakery,ಇಲ್ಲಿ ಬಿರಿಯಾನಿ ತುಂಬಾ ರುಚಿಯಾಗಿತ್ತು ಮತ್ತು ಸೇವೆ ಉತ್ತಮವಾಗಿತ್ತು.
Karachi Bakery,ಇಲ್ಲಿ ಬಿರಿಯಾನಿ ತುಂಬಾ ರುಚಿಯಾಗಿತ್ತು ಮತ್ತು ಸೇವೆ ಉತ್ತಮವಾಗಿತ್ತು.
Paradise Biryani,Yahan ki biryani bohat tasty thi aur service bhi achi thi.
Inorbit Mall,स्टाफ बहुत फ्रेंडली था और माहौल अच्छा था।
Cream Stone,ఇక్కడి వాతావరణం చాలా బాగుంది మరియు భోజనం రుచిగా ఉంది.
Inorbit Mall,यहाँ की बिरयानी बहुत स्वादिष्ट है और सेवा भी अच्छी है।
Forum Mall,Food quality is amazing but the place was crowded.
Cafe Coffee Day,Khane ka taste acha tha lekin service thori slow thi.
Shah Ghouse,ఇక్కడి వాతావరణం చాలా బాగుంది మరియు భోజనం రుచిగా ఉంది.
Barbeque Nation,ಆಹಾರ ಚೆನ್ನಾಗಿತ್ತು ಆದರೆ ಸೇವೆ ಸ್ವಲ್ಪ ನಿಧಾನವಾಗಿತ್ತು.
Bawarchi Restaurant,ಆಹಾರ ಚೆನ್ನಾಗಿತ್ತು ಆದರೆ ಸೇವೆ ಸ್ವಲ್ಪ ನಿಧಾನವಾಗಿತ್ತು.
Chutneys,உணவு நல்லதாக இருந்தது ஆனால் சேவை மெதுவாக இருந்தது.
Subway,Prices are reasonable and the ambiance is comfortable.
Bawarchi Restaurant,Food quality is amazing but the place was crowded.
Forum Mall,Khane ka taste acha tha lekin service thori slow thi.
Paradise Biryani,ఇక్కడి వాతావరణం చాలా బాగుంది మరియు భోజనం రుచిగా ఉంది.
Shah Ghouse,ఇక్కడి వాతావరణం చాలా బాగుంది మరియు భోజనం రుచిగా ఉంది.
Sarvi Restaurant,The biryani was delicious and the service was quick.
Barbeque Nation,The biryani was delicious and the service was quick.
Cream Stone,Khane ka taste acha tha lekin service thori slow thi.
Sarvi Restaurant,Food quality is amazing but the place was crowded.
Barbeque Nation,ఇక్కడ బిర్యానీ చాలా రుచిగా ఉంది మరియు సర్వీస్ బాగుంది.
Cafe Coffee Day,Food quality is amazing but the place was crowded.
Subway,Food quality is amazing but the place was crowded.
Cafe Niloufer,ಆಹಾರ ಚೆನ್ನಾಗಿತ್ತು ಆದರೆ ಸೇವೆ ಸ್ವಲ್ಪ ನಿಧಾನವಾಗಿತ್ತು.
Pista House,यहाँ की बिरयानी बहुत स्वादिष्ट है और सेवा भी अच्छी है।
Mehfil Restaurant,ಇಲ್ಲಿ ಬಿರಿಯಾನಿ ತುಂಬಾ ರುಚಿಯಾಗಿತ್ತು ಮತ್ತು ಸೇವೆ ಉತ್ತಮವಾಗಿತ್ತು.
Pista House,ఇక్కడ బిర్యానీ చాలా రుచిగా ఉంది మరియు సర్వీస్ బాగుంది.
Sarvi Restaurant,Food quality is amazing but the place was crowded.
Sarvi Restaurant,ಇಲ್ಲಿ ಬಿರಿಯಾನಿ ತುಂಬಾ ರುಚಿಯಾಗಿತ್ತು ಮತ್ತು ಸೇವೆ ಉತ್ತಮವಾಗಿತ್ತು.
Karachi Bakery,ఆహారం మంచి క్వాలిటీతో ఉంది కానీ సర్వీస్ కొంచెం నెమ్మదిగా ఉంది.
Cafe Coffee Day,स्टाफ बहुत फ्रेंडली था और माहौल अच्छा था।
Pista House,Food quality is amazing but the place was crowded.
Cream Stone,Prices are reasonable and the ambiance is comfortable.
Paradise Biryani,ఇక్కడి వాతావరణం చాలా బాగుంది మరియు భోజనం రుచిగా ఉంది.
Cafe Coffee Day,स्टाफ बहुत फ्रेंडली था और माहौल अच्छा था।
Pista House,Food quality is amazing but the place was crowded.
Cafe Coffee Day,Khane ka taste acha tha lekin service thori slow thi.
Pista House,स्टाफ बहुत फ्रेंडली था और माहौल अच्छा था।
Karachi Bakery,ಇಲ್ಲಿ ಬಿರಿಯಾನಿ ತುಂಬಾ ರುಚಿಯಾಗಿತ್ತು ಮತ್ತು ಸೇವೆ ಉತ್ತಮವಾಗಿತ್ತು.
Pista House,ಇಲ್ಲಿ ಬಿರಿಯಾನಿ ತುಂಬಾ ರುಚಿಯಾಗಿತ್ತು ಮತ್ತು ಸೇವೆ ಉತ್ತಮವಾಗಿತ್ತು.
Paradise Biryani,Khane ka taste acha tha lekin service thori slow thi.
Barbeque Nation,இங்கே பிரியாணி மிகவும் ருசியாக இருந்தது மற்றும் சேவை நல்லது.
Cream Stone,खाना अच्छा था लेकिन सर्विस थोड़ी धीमी थी।
Bawarchi Restaurant,ಇಲ್ಲಿ ಬಿರಿಯಾನಿ ತುಂಬಾ ರುಚಿಯಾಗಿತ್ತು ಮತ್ತು ಸೇವೆ ಉತ್ತಮವಾಗಿತ್ತು.
Shah Ghouse,இங்கே பிரியாணி மிகவும் ருசியாக இருந்தது மற்றும் சேவை நல்லது.
Pista House,यहाँ की बिरयानी बहुत स्वादिष्ट है और सेवा भी अच्छी है।
Cafe Coffee Day,यहाँ की बिरयानी बहुत स्वादिष्ट है और सेवा भी अच्छी है।
Forum Mall,Khane ka taste acha tha lekin service thori slow thi.
Paradise Biryani,ఇక్కడ బిర్యానీ చాలా రుచిగా ఉంది మరియు సర్వీస్ బాగుంది.
Inorbit Mall,Prices are reasonable and the ambiance is comfortable.
Shah Ghouse,ಇಲ್ಲಿ ಬಿರಿಯಾನಿ ತುಂಬಾ ರುಚಿಯಾಗಿತ್ತು ಮತ್ತು ಸೇವೆ ಉತ್ತಮವಾಗಿತ್ತು.
Cafe Coffee Day,Food quality is amazing but the place was crowded.
Subway,स्टाफ बहुत फ्रेंडली था और माहौल अच्छा था।
Bawarchi Restaurant,खाना अच्छा था लेकिन सर्विस थोड़ी धीमी थी।
Cream Stone,இங்கே பிரியாணி மிகவும் ருசியாக இருந்தது மற்றும் சேவை நல்லது.
Cream Stone,Food quality is amazing but the place was crowded.
Cream Stone,ఇక్కడ బిర్యానీ చాలా రుచిగా ఉంది మరియు సర్వీస్ బాగుంది.
Cafe Coffee Day,Prices are reasonable and the ambiance is comfortable.
Paradise Biryani,ఆహారం మంచి క్వాలిటీతో ఉంది కానీ సర్వీస్ కొంచెం నెమ్మదిగా ఉంది.
Cream Stone,உணவு நல்லதாக இருந்தது ஆனால் சேவை மெதுவாக இருந்தது.
Cafe Coffee Day,ఆహారం మంచి క్వాలిటీతో ఉంది కానీ సర్వీస్ కొంచెం నెమ్మదిగా ఉంది.
Forum Mall,ఇక్కడి వాతావరణం చాలా బాగుంది మరియు భోజనం రుచిగా ఉంది.
Chutneys,ఇక్కడ బిర్యానీ చాలా రుచిగా ఉంది మరియు సర్వీస్ బాగుంది.
Paradise Biryani,ఆహారం మంచి క్వాలిటీతో ఉంది కానీ సర్వీస్ కొంచెం నెమ్మదిగా ఉంది.
Bawarchi Restaurant,यहाँ की बिरयानी बहुत स्वादिष्ट है और सेवा भी अच्छी है।
Karachi Bakery,ఆహారం మంచి క్వాలిటీతో ఉంది కానీ సర్వీస్ కొంచెం నెమ్మదిగా ఉంది.
Inorbit Mall,ఇక్కడ బిర్యానీ చాలా రుచిగా ఉంది మరియు సర్వీస్ బాగుంది.
Cream Stone,Food quality is amazing but the place was crowded.
Shah Ghouse,स्टाफ बहुत फ्रेंडली था और माहौल अच्छा था।
Karachi Bakery,உணவு நல்லதாக இருந்தது ஆனால் சேவை மெதுவாக இருந்தது.
Sarvi Restaurant,स्टाफ बहुत फ्रेंडली था और माहौल अच्छा था।
Cafe Niloufer,The biryani was delicious and the service was quick.
Paradise Biryani,यहाँ की बिरयानी बहुत स्वादिष्ट है और सेवा भी अच्छी है।
Shah Ghouse,ಆಹಾರ ಚೆನ್ನಾಗಿತ್ತು ಆದರೆ ಸೇವೆ ಸ್ವಲ್ಪ ನಿಧಾನವಾಗಿತ್ತು.
Bawarchi Restaurant,Food quality is amazing but the place was crowded.
Cafe Niloufer,Khane ka taste acha tha lekin service thori slow thi.
Cafe Niloufer,இங்கே பிரியாணி மிகவும் ருசியாக இருந்தது மற்றும் சேவை நல்லது.
Cafe Niloufer,ఆహారం మంచి క్వాలిటీతో ఉంది కానీ సర్వీస్ కొంచెం నెమ్మదిగా ఉంది.
Cafe Niloufer,स्टाफ बहुत फ्रेंडली था और माहौल अच्छा था।
Inorbit Mall,ఆహారం మంచి క్వాలిటీతో ఉంది కానీ సర్వీస్ కొంచెం నెమ్మదిగా ఉంది.
Subway,The biryani was delicious and the service was quick.
Cafe Niloufer,இங்கே பிரியாணி மிகவும் ருசியாக இருந்தது மற்றும் சேவை நல்லது.
Cafe Coffee Day,ఆహారం మంచి క్వాలిటీతో ఉంది కానీ సర్వీస్ కొంచెం నెమ్మదిగా ఉంది.
Cream Stone,Prices are reasonable and the ambiance is comfortable.
Pista House,உணவு நல்லதாக இருந்தது ஆனால் சேவை மெதுவாக இருந்தது.
Bawarchi Restaurant,खाना अच्छा था लेकिन सर्विस थोड़ी धीमी थी।
Sarvi Restaurant,स्टाफ बहुत फ्रेंडली था और माहौल अच्छा था।
Cafe Coffee Day,இங்கே பிரியாணி மிகவும் ருசியாக இருந்தது மற்றும் சேவை நல்லது.
Karachi Bakery,ಇಲ್ಲಿ ಬಿರಿಯಾನಿ ತುಂಬಾ ರುಚಿಯಾಗಿತ್ತು ಮತ್ತು ಸೇವೆ ಉತ್ತಮವಾಗಿತ್ತು.
Cafe Coffee Day,ఇక్కడ బిర్యానీ చాలా రుచిగా ఉంది మరియు సర్వీస్ బాగుంది.
Paradise Biryani,The biryani was delicious and the service was quick.
Cafe Niloufer,Khane ka taste acha tha lekin service thori slow thi.
Sarvi Restaurant,Prices are reasonable and the ambiance is comfortable.
Bawarchi Restaurant,Khane ka taste acha tha lekin service thori slow thi.
Shah Ghouse,Prices are reasonable and the ambiance is comfortable.
Karachi Bakery,இங்கே பிரியாணி மிகவும் ருசியாக இருந்தது மற்றும் சேவை நல்லது.
Forum Mall,Food quality is amazing but the place was crowded.
Chutneys,Food quality is amazing but the place was crowded.
Pista House,The biryani was delicious and the service was quick.
Mehfil Restaurant,यहाँ की बिरयानी बहुत स्वादिष्ट है और सेवा भी अच्छी है।
Cafe Niloufer,Yahan ki biryani bohat tasty thi aur service bhi achi thi.
Karachi Bakery,உணவு நல்லதாக இருந்தது ஆனால் சேவை மெதுவாக இருந்தது.
Cafe Coffee Day,ఇక్కడి వాతావరణం చాలా బాగుంది మరియు భోజనం రుచిగా ఉంది.
Paradise Biryani,यहाँ की बिरयानी बहुत स्वादिष्ट है और सेवा भी अच्छी है।
Cafe Niloufer,खाना अच्छा था लेकिन सर्विस थोड़ी धीमी थी।
Paradise Biryani,Khane ka taste acha tha lekin service thori slow thi.
Forum Mall,ఇక్కడి వాతావరణం చాలా బాగుంది మరియు భోజనం రుచిగా ఉంది.
Cafe Coffee Day,खाना अच्छा था लेकिन सर्विस थोड़ी धीमी थी।
Forum Mall,यहाँ की बिरयानी बहुत स्वादिष्ट है और सेवा भी अच्छी है।
Chutneys,ఇక్కడ బిర్యానీ చాలా రుచిగా ఉంది మరియు సర్వీస్ బాగుంది.
Pista House,Prices are reasonable and the ambiance is comfortable.
Mehfil Restaurant,ఇక్కడ బిర్యానీ చాలా రుచిగా ఉంది మరియు సర్వీస్ బాగుంది.
Cream Stone,Khane ka taste acha tha lekin service thori slow thi.
Cream Stone,The biryani was delicious and the service was quick.
Bawarchi Restaurant,स्टाफ बहुत फ्रेंडली था और माहौल अच्छा था।
Chutneys,இங்கே பிரியாணி மிகவும் ருசியாக இருந்தது மற்றும் சேவை நல்லது.
Barbeque Nation,ಇಲ್ಲಿ ಬಿರಿಯಾನಿ ತುಂಬಾ ರುಚಿಯಾಗಿತ್ತು ಮತ್ತು ಸೇವೆ ಉತ್ತಮವಾಗಿತ್ತು.
Sarvi Restaurant,ఇక్కడి వాతావరణం చాలా బాగుంది మరియు భోజనం రుచిగా ఉంది.
Sarvi Restaurant,உணவு நல்லதாக இருந்தது ஆனால் சேவை மெதுவாக இருந்தது.
Inorbit Mall,स्टाफ बहुत फ्रेंडली था और माहौल अच्छा था।
Inorbit Mall,यहाँ की बिरयानी बहुत स्वादिष्ट है और सेवा भी अच्छी है।
Cafe Niloufer,यहाँ की बिरयानी बहुत स्वादिष्ट है और सेवा भी अच्छी है।
Chutneys,ಆಹಾರ ಚೆನ್ನಾಗಿತ್ತು ಆದರೆ ಸೇವೆ ಸ್ವಲ್ಪ ನಿಧಾನವಾಗಿತ್ತು.
Forum Mall,ಇಲ್ಲಿ ಬಿರಿಯಾನಿ ತುಂಬಾ ರುಚಿಯಾಗಿತ್ತು ಮತ್ತು ಸೇವೆ ಉತ್ತಮವಾಗಿತ್ತು.
Shah Ghouse,உணவு நல்லதாக இருந்தது ஆனால் சேவை மெதுவாக இருந்தது.
Barbeque Nation,ఆహారం మంచి క్వాలిటీతో ఉంది కానీ సర్వీస్ కొంచెం నెమ్మదిగా ఉంది.
Cream Stone,Khane ka taste acha tha lekin service thori slow thi.
Sarvi Restaurant,The biryani was delicious and the service was quick.
Forum Mall,ఇక్కడ బిర్యానీ చాలా రుచిగా ఉంది మరియు సర్వీస్ బాగుంది.
Cafe Niloufer,Khane ka taste acha tha lekin service thori slow thi.
Cafe Coffee Day,Prices are reasonable and the ambiance is comfortable.
Forum Mall,Yahan ki biryani bohat tasty thi aur service bhi achi thi.
Shah Ghouse,Yahan ki biryani bohat tasty thi aur service bhi achi thi.
Subway,இங்கே பிரியாணி மிகவும் ருசியாக இருந்தது மற்றும் சேவை நல்லது.
Inorbit Mall,यहाँ की बिरयानी बहुत स्वादिष्ट है और सेवा भी अच्छी है।
Cafe Niloufer,ಇಲ್ಲಿ ಬಿರಿಯಾನಿ ತುಂಬಾ ರುಚಿಯಾಗಿತ್ತು ಮತ್ತು ಸೇವೆ ಉತ್ತಮವಾಗಿತ್ತು.
Subway,ಆಹಾರ ಚೆನ್ನಾಗಿತ್ತು ಆದರೆ ಸೇವೆ ಸ್ವಲ್ಪ ನಿಧಾನವಾಗಿತ್ತು.
Mehfil Restaurant,இங்கே பிரியாணி மிகவும் ருசியாக இருந்தது மற்றும் சேவை நல்லது.
Mehfil Restaurant,ಇಲ್ಲಿ ಬಿರಿಯಾನಿ ತುಂಬಾ ರುಚಿಯಾಗಿತ್ತು ಮತ್ತು ಸೇವೆ ಉತ್ತಮವಾಗಿತ್ತು.
Cream Stone,Khane ka taste acha tha lekin service thori slow thi.
Paradise Biryani,இங்கே பிரியாணி மிகவும் ருசியாக இருந்தது மற்றும் சேவை நல்லது.
Forum Mall,Prices are reasonable and the ambiance is comfortable.
Barbeque Nation,खाना अच्छा था लेकिन सर्विस थोड़ी धीमी थी।
Barbeque Nation,இங்கே பிரியாணி மிகவும் ருசியாக இருந்தது மற்றும் சேவை நல்லது.
Chutneys,The biryani was delicious and the service was quick.
Bawarchi Restaurant,ఇక్కడ బిర్యానీ చాలా రుచిగా ఉంది మరియు సర్వీస్ బాగుంది.
Shah Ghouse,Food quality is amazing but the place was crowded.
Karachi Bakery,இங்கே பிரியாணி மிகவும் ருசியாக இருந்தது மற்றும் சேவை நல்லது.
Cream Stone,खाना अच्छा था लेकिन सर्विस थोड़ी धीमी थी।
Subway,ఇక్కడ బిర్యానీ చాలా రుచిగా ఉంది మరియు సర్వీస్ బాగుంది.
Forum Mall,खाना अच्छा था लेकिन सर्विस थोड़ी धीमी थी।
Subway,இங்கே பிரியாணி மிகவும் ருசியாக இருந்தது மற்றும் சேவை நல்லது.
Karachi Bakery,ಇಲ್ಲಿ ಬಿರಿಯಾನಿ ತುಂಬಾ ರುಚಿಯಾಗಿತ್ತು ಮತ್ತು ಸೇವೆ ಉತ್ತಮವಾಗಿತ್ತು.
Shah Ghouse,यहाँ की बिरयानी बहुत स्वादिष्ट है और सेवा भी अच्छी है।
Cafe Niloufer,Food quality is amazing but the place was crowded.
Cafe Coffee Day,Khane ka taste acha tha lekin service thori slow thi.
Karachi Bakery,यहाँ की बिरयानी बहुत स्वादिष्ट है और सेवा भी अच्छी है।
Shah Ghouse,Food quality is amazing but the place was crowded.
Sarvi Restaurant,स्टाफ बहुत फ्रेंडली था और माहौल अच्छा था।
Paradise Biryani,Prices are reasonable and the ambiance is comfortable.
Shah Ghouse,स्टाफ बहुत फ्रेंडली था और माहौल अच्छा था।
Subway,यहाँ की बिरयानी बहुत स्वादिष्ट है और सेवा भी अच्छी है।
Cafe Coffee Day,உணவு நல்லதாக இருந்தது ஆனால் சேவை மெதுவாக இருந்தது.
Paradise Biryani,ಆಹಾರ ಚೆನ್ನಾಗಿತ್ತು ಆದರೆ ಸೇವೆ ಸ್ವಲ್ಪ ನಿಧಾನವಾಗಿತ್ತು.
Cafe Coffee Day,ఇక్కడి వాతావరణం చాలా బాగుంది మరియు భోజనం రుచిగా ఉంది.
Sarvi Restaurant,ఆహారం మంచి క్వాలిటీతో ఉంది కానీ సర్వీస్ కొంచెం నెమ్మదిగా ఉంది.
Karachi Bakery,உணவு நல்லதாக இருந்தது ஆனால் சேவை மெதுவாக இருந்தது.
Shah Ghouse,Food quality is amazing but the place was crowded.
Shah Ghouse,Food quality is amazing but the place was crowded.
Chutneys,ಆಹಾರ ಚೆನ್ನಾಗಿತ್ತು ಆದರೆ ಸೇವೆ ಸ್ವಲ್ಪ ನಿಧಾನವಾಗಿತ್ತು.
Cafe Coffee Day,The biryani was delicious and the service was quick.
Sarvi Restaurant,உணவு நல்லதாக இருந்தது ஆனால் சேவை மெதுவாக இருந்தது.
Paradise Biryani,இங்கே பிரியாணி மிகவும் ருசியாக இருந்தது மற்றும் சேவை நல்லது.
Karachi Bakery,यहाँ की बिरयानी बहुत स्वादिष्ट है और सेवा भी अच्छी है।
Bawarchi Restaurant,உணவு நல்லதாக இருந்தது ஆனால் சேவை மெதுவாக இருந்தது.
Chutneys,இங்கே பிரியாணி மிகவும் ருசியாக இருந்தது மற்றும் சேவை நல்லது.
